Date,Time,"Core Clocks (avg) [MHz]","Zen5 Core 0 Clock (perf #2) [MHz]","Zen5 Core 1 Clock (perf #3) [MHz]","Zen5 Core 2 Clock (perf #1) [MHz]","Zen5 Core 3 Clock (perf #1) [MHz]","Zen5c Core 4 Clock (perf #4) [MHz]","Zen5c Core 5 Clock (perf #4) [MHz]","Zen5c Core 6 Clock (perf #4) [MHz]","Zen5c Core 7 Clock (perf #4) [MHz]","Zen5c Core 8 Clock (perf #4) [MHz]","Zen5c Core 9 Clock (perf #4) [MHz]","Core Usage (avg) [%]","Zen5 Core 0 T0 Usage [%]","Zen5 Core 0 T1 Usage [%]","Zen5 Core 1 T0 Usage [%]","Zen5 Core 1 T1 Usage [%]","Zen5 Core 2 T0 Usage [%]","Zen5 Core 2 T1 Usage [%]","Zen5 Core 3 T0 Usage [%]","Zen5 Core 3 T1 Usage [%]","Zen5c Core 4 T0 Usage [%]","Zen5c Core 4 T1 Usage [%]","Zen5c Core 5 T0 Usage [%]","Zen5c Core 5 T1 Usage [%]","Zen5c Core 6 T0 Usage [%]","Zen5c Core 6 T1 Usage [%]","Zen5c Core 7 T0 Usage [%]","Zen5c Core 7 T1 Usage [%]","Zen5c Core 8 T0 Usage [%]","Zen5c Core 8 T1 Usage [%]","Zen5c Core 9 T0 Usage [%]","Zen5c Core 9 T1 Usage [%]","Max CPU/Thread Usage [%]","Total CPU Usage [%]","Core Utility (avg) [%]","Package C6 Residency [%]","Core C0 Residency (avg) [%]","Core C1 Residency (avg) [%]","Core C6 Residency (avg) [%]","CPU (Tctl/Tdie) [°C]","CPU Core [°C]","CPU SOC [°C]","CPU Package Power [W]","Core Powers (avg) [W]","Core 0 Power [W]","Core 1 Power [W]","Core 2 Power [W]","Core 3 Power [W]","Core 4 Power [W]","Core 5 Power [W]","Core 6 Power [W]","Core 7 Power [W]","Core 8 Power [W]","Core 9 Power [W]","DRAM Read Bandwidth [GB/s]","DRAM Write Bandwidth [GB/s]","Average Active Core Count []","Read Activity [%]","Write Activity [%]","Total Activity [%]","Read Rate [MB/s]","Write Rate [MB/s]","Read Total [MB]","Write Total [MB]","GPU Temperature [°C]","GPU Core Voltage [V]","GPU ASIC Power [W]","GPU Clock [MHz]","GPU Clock (Effective) [MHz]","GPU Memory Clock [MHz]","GPU SoC Clock [MHz]","GPU VCN Clock [MHz]","GPU Utilization [%]","GPU D3D Usage [%]","GPU D3D Utilizations (avg) [%]","GPU Computing (Compute 0) Usage [%]","GPU D3D Memory Dedicated [MB]","GPU D3D Memory Dynamic [MB]","PCIe Link Speed [GT/s]","GPU Memory Usage [MB]","Framerate [FPS]","Battery Voltage [V]","Remaining Capacity [Wh]","Charge Level [%]","Charge Rate [W]","Wear Level [%]","Estimated Remaining Time [mins]","Current DL rate [KB/s]","Current UP rate [KB/s]","Current DL rate [KB/s]","Current UP rate [KB/s]","Current DL rate [KB/s]","Current UP rate [KB/s]","Total DL [MB]","Total UP [MB]",
25.6.2025,23:56:23.051,2088.5,1996.4,1580.5,1580.5,4741.4,3104.4,1576.5,1576.5,1576.5,1576.5,1576.5,10.3,5.4,3.4,4.2,6.5,16.6,6.5,12.8,7.4,8.7,1.9,6.0,6.4,10.3,36.1,2.1,2.8,20.6,7.4,10.2,30.6,36.1,10.3,17.4,6.1,13.4,25.0,61.6,57.4,54.1,53.7,11.701,0.531,0.333,0.351,1.179,0.926,0.470,0.272,0.769,0.123,0.358,0.535,2.912,0.964,1.9,0.0,0.1,0.1,0.000,0.032,50190,160386,51.1,0.517,11.000,1023.0,101.3,907.0,728.0,800.0,6.0,1.2,0.0,0.0,292,1546,16.0,26478,0.0,8.822,68.530,100.0,0.000,0.0,571.7,0.0,0.0,0.0,0.0,0.2,0.3,0,0,
25.6.2025,23:56:25.048,1621.2,1996.4,1580.5,1580.5,1580.5,1592.1,1576.5,1576.5,1576.5,1576.5,1576.5,6.1,5.6,6.5,1.8,5.0,10.9,9.7,6.3,8.9,6.7,9.4,6.6,11.8,5.8,3.6,4.3,2.8,5.0,4.4,2.3,4.7,11.8,6.1,10.2,9.6,11.3,19.4,69.4,56.0,53.2,53.2,9.314,0.375,0.463,0.271,0.959,0.693,0.453,0.366,0.160,0.135,0.149,0.103,2.377,0.317,1.3,0.0,0.3,0.3,0.000,0.026,50190,160386,51.3,0.642,9.000,735.0,141.3,850.0,622.0,800.0,1.0,0.5,0.0,0.0,287,1546,16.0,26472,0.0,8.822,68.530,100.0,0.000,0.0,571.7,0.0,0.0,0.0,0.0,0.2,0.1,0,0,
25.6.2025,23:56:27.205,3759.2,4741.4,4741.4,4741.4,4741.4,3104.4,3104.4,3104.4,3104.4,3104.4,3104.4,5.4,8.4,1.3,1.4,3.9,7.7,8.6,5.0,5.4,7.0,2.8,9.8,7.0,5.2,4.2,3.0,3.5,3.4,4.3,8.8,6.5,9.8,5.4,7.7,35.2,7.8,8.3,83.9,55.5,51.6,52.0,6.643,0.212,0.233,0.055,0.525,0.298,0.192,0.234,0.111,0.068,0.066,0.341,1.570,0.338,1.0,0.0,0.7,0.7,0.000,0.020,50190,160386,51.2,0.320,5.000,637.0,54.2,687.0,603.0,800.0,0.0,0.2,0.0,0.0,287,1546,16.0,26473,0.0,8.822,68.530,100.0,0.000,0.0,571.7,0.0,0.0,0.0,0.0,0.1,0.0,0,0,
25.6.2025,23:56:29.051,1925.2,1996.4,1580.5,1580.5,1580.5,1576.5,1576.5,1576.5,3104.4,3104.4,1576.5,10.9,7.7,4.0,2.5,4.4,9.2,12.6,8.3,6.6,20.8,14.9,19.9,11.1,20.0,8.6,4.7,6.3,13.1,10.2,23.1,9.6,23.1,10.9,17.7,17.3,14.3,16.8,69.0,59.4,53.2,53.1,11.404,0.564,0.257,0.193,0.870,0.562,0.991,0.712,0.594,0.241,0.436,0.784,3.487,0.941,1.9,0.0,0.1,0.1,0.000,0.006,50190,160386,50.8,0.088,13.000,838.0,19.4,862.0,668.0,800.0,3.0,0.3,0.0,0.0,298,1554,16.0,26484,0.0,8.822,68.530,100.0,0.000,0.0,571.7,0.0,0.0,0.0,0.0,0.0,0.0,0,0,
25.6.2025,23:56:31.042,1772.5,1996.4,1580.5,1580.5,1580.5,3104.4,1576.5,1576.5,1576.5,1576.5,1576.5,7.2,6.2,5.2,1.8,5.7,9.0,10.2,10.0,8.6,9.8,9.4,7.0,7.5,4.4,5.7,6.7,8.6,7.0,6.2,5.4,8.8,10.2,7.2,10.7,10.8,10.9,23.4,65.7,57.0,52.8,53.0,9.439,0.395,0.329,0.140,0.756,0.800,0.589,0.270,0.192,0.325,0.237,0.316,2.346,0.904,1.3,0.2,0.7,0.9,0.081,2.150,50191,160390,51.0,0.271,9.000,871.0,62.7,809.0,639.0,800.0,3.0,0.9,0.0,0.0,299,1554,16.0,26485,0.0,8.822,68.530,100.0,0.000,0.0,571.7,0.0,0.0,0.0,0.0,0.1,0.0,0,0,
25.6.2025,23:56:33.049,2241.3,1996.4,1580.5,1580.5,4741.4,3104.4,3104.4,1576.5,1576.5,1576.5,1576.5,11.1,8.1,3.7,4.6,3.8,13.5,11.1,16.8,9.1,20.3,10.5,14.0,14.1,12.7,13.0,12.6,10.2,11.4,10.3,9.9,13.2,20.3,11.1,19.3,7.6,16.1,23.8,60.2,57.1,54.9,53.9,12.538,0.648,0.526,0.334,1.235,1.200,0.748,0.540,0.547,0.464,0.439,0.447,3.686,0.701,1.9,1.9,0.4,2.3,0.032,1.143,50191,160393,51.1,0.500,8.000,803.0,81.2,782.0,641.0,800.0,3.0,1.6,0.0,0.0,308,1878,16.0,26493,0.0,8.822,68.530,100.0,0.000,0.0,571.7,0.0,0.0,0.0,0.0,1.6,3.2,0,0,
25.6.2025,23:56:35.042,2726.5,1580.5,1580.5,4741.4,4741.4,3289.1,1584.6,3289.1,3289.1,1584.6,1584.6,8.5,6.7,4.3,3.8,2.8,8.1,7.6,9.1,7.4,9.8,6.4,11.4,11.6,9.5,8.2,5.6,6.8,10.2,8.5,20.7,12.2,20.7,8.5,13.5,10.6,11.2,20.4,68.5,60.2,52.8,52.9,10.498,0.505,0.281,0.116,0.730,0.855,0.482,0.533,0.374,0.258,0.465,0.957,2.356,0.504,1.5,0.2,1.7,1.9,0.212,12.813,50191,160417,51.6,0.496,12.000,847.0,174.6,823.0,644.0,800.0,5.0,1.3,0.0,0.0,294,1784,16.0,26479,0.0,8.822,68.530,100.0,0.000,0.0,571.7,0.0,0.0,0.0,0.0,63.9,29.0,0,0,
25.6.2025,23:56:37.043,1895.7,1580.5,1580.5,1580.5,4741.4,1592.1,1576.5,1576.5,1576.5,1576.5,1576.5,6.2,7.1,2.1,1.3,2.4,9.5,6.9,5.5,6.6,9.7,5.4,10.2,7.9,6.9,8.2,7.4,5.2,7.6,6.7,3.0,4.7,10.2,6.2,9.4,8.9,10.0,17.8,72.2,56.8,52.3,53.0,8.786,0.333,0.173,0.075,0.557,0.556,0.416,0.384,0.319,0.276,0.347,0.228,1.838,0.291,1.2,0.2,0.4,0.7,0.325,1.776,50192,160421,51.2,0.242,7.000,624.0,69.2,806.0,605.0,800.0,0.0,0.1,0.0,0.0,295,1784,16.0,26480,0.0,8.822,68.530,100.0,0.000,0.0,571.7,0.0,0.0,0.0,0.0,102.5,52.4,0,0,
25.6.2025,23:56:39.041,2810.9,1580.5,1580.5,4741.4,1580.5,3104.4,3104.4,3104.4,3104.4,3104.4,3104.4,3.9,5.9,1.2,1.9,1.9,5.3,5.7,3.7,7.4,7.8,2.3,7.3,4.1,1.9,2.0,2.9,2.2,9.0,3.6,1.0,0.2,9.0,3.9,5.5,14.6,6.7,11.7,81.7,54.6,51.2,52.2,6.819,0.170,0.097,0.042,0.334,0.356,0.281,0.171,0.064,0.086,0.251,0.015,1.361,0.239,0.8,0.2,1.0,1.2,0.056,0.265,50192,160421,51.4,0.105,6.000,633.0,15.9,785.0,603.0,800.0,1.0,0.0,0.0,0.0,293,1700,16.0,26478,0.0,8.822,68.530,100.0,0.000,0.0,571.7,0.0,0.0,0.0,0.0,0.4,0.4,0,0,
25.6.2025,23:56:41.049,3453.6,4741.4,4741.4,4741.4,4741.4,3104.4,3104.4,1576.5,3104.4,3104.4,1576.5,5.2,9.1,4.6,3.1,6.1,7.6,10.2,5.2,9.9,6.2,4.9,7.1,4.7,3.0,4.2,4.6,2.4,4.1,3.7,1.4,2.1,10.2,5.2,8.3,24.2,9.3,7.8,83.0,55.2,52.4,52.5,7.325,0.269,0.388,0.311,0.610,0.536,0.176,0.158,0.139,0.128,0.159,0.083,1.735,0.326,1.0,0.6,0.5,1.0,0.517,0.432,50193,160422,51.0,0.078,9.000,738.0,19.8,764.0,633.0,800.0,2.0,0.3,0.0,0.0,296,1654,16.0,26481,0.0,8.822,68.530,100.0,0.000,0.0,571.7,0.0,0.0,0.0,0.0,4.7,1.9,0,0,
25.6.2025,23:56:43.048,2720.7,1996.4,4741.4,4741.4,4741.4,1576.5,3104.4,1576.5,1576.5,1576.5,1576.5,6.5,6.0,7.6,6.0,5.9,13.4,12.7,13.9,11.3,10.4,4.6,7.1,4.1,3.8,5.9,5.0,3.0,4.2,2.9,1.3,1.2,13.9,6.5,10.3,11.4,12.6,17.8,69.7,55.6,54.3,53.4,9.470,0.391,0.463,0.375,1.109,1.017,0.296,0.167,0.170,0.154,0.132,0.031,2.283,0.345,1.4,1.0,0.7,1.7,2.697,1.099,50198,160424,50.8,0.132,9.000,907.0,33.6,809.0,636.0,800.0,3.0,1.1,0.0,0.0,297,1651,16.0,26483,0.0,8.822,68.530,100.0,0.000,0.0,571.7,0.0,0.0,0.0,0.0,0.7,1.0,0,0,
25.6.2025,23:56:45.039,2720.7,1996.4,4741.4,4741.4,4741.4,1576.5,1576.5,3104.4,1576.5,1576.5,1576.5,5.7,7.7,4.5,9.0,3.4,17.6,6.1,17.1,6.8,8.9,2.3,6.7,3.3,3.7,2.4,3.5,2.8,4.3,2.7,0.8,0.8,17.6,5.7,8.9,12.7,11.4,16.9,71.8,55.4,53.9,53.2,8.906,0.345,0.426,0.376,1.012,0.981,0.182,0.135,0.087,0.106,0.126,0.021,2.004,0.284,1.2,0.1,0.8,0.9,0.098,0.715,50198,160425,51.0,0.608,9.000,857.0,94.6,812.0,629.0,800.0,2.0,0.9,0.0,0.0,295,1647,16.0,26480,0.0,8.822,68.530,100.0,0.000,0.0,571.7,0.0,0.0,0.0,0.0,4.3,4.3,0,0,
25.6.2025,23:56:47.046,3300.8,4741.4,4741.4,4741.4,4741.4,3104.4,3104.4,1576.5,1576.5,3104.4,1576.5,5.5,8.7,6.0,7.3,4.4,17.4,6.1,18.3,6.0,7.6,1.8,5.5,2.9,3.5,2.9,3.1,1.5,3.2,2.6,0.8,0.8,18.3,5.5,9.0,12.9,11.4,16.2,72.4,55.5,54.1,53.3,8.934,0.349,0.518,0.339,1.013,1.046,0.154,0.104,0.097,0.083,0.107,0.026,2.068,0.321,1.2,0.1,0.7,0.8,0.081,0.266,50198,160426,51.0,0.644,8.000,855.0,88.4,816.0,634.0,800.0,2.0,1.1,0.0,0.0,295,1629,16.0,26480,0.0,8.822,68.530,100.0,0.000,0.0,571.7,0.0,0.0,0.0,0.0,0.3,0.1,0,0,
25.6.2025,23:56:49.040,2679.2,4741.4,1580.5,4741.4,4741.4,3104.4,1576.5,1576.5,1576.5,1576.5,1576.5,6.1,8.5,5.3,8.5,2.9,20.4,5.9,21.4,6.7,7.0,2.0,5.8,3.0,4.9,2.8,5.5,1.4,3.9,2.9,1.5,0.7,21.4,6.1,10.6,12.5,12.6,15.7,71.8,56.0,54.8,53.5,9.458,0.406,0.489,0.370,1.186,1.229,0.152,0.113,0.156,0.160,0.134,0.073,2.344,0.308,1.4,0.1,0.3,0.3,0.065,0.151,50198,160426,51.0,0.617,10.000,882.0,85.3,824.0,639.0,800.0,2.0,1.0,0.0,0.0,295,1629,16.0,26480,0.0,8.822,68.530,100.0,0.000,0.0,571.7,0.0,0.0,0.0,0.0,0.4,0.2,0,0,
25.6.2025,23:56:51.046,2873.5,1996.4,4741.4,4741.4,4741.4,3104.4,3104.4,1576.5,1576.5,1576.5,1576.5,6.0,8.3,4.6,8.1,3.4,19.1,5.6,20.2,7.2,7.7,2.8,6.7,3.1,4.4,3.2,4.5,4.2,3.0,1.9,1.2,1.3,20.2,6.0,9.1,10.3,11.7,18.4,69.9,55.9,54.3,53.3,9.120,0.371,0.478,0.340,1.071,1.177,0.177,0.127,0.101,0.161,0.053,0.021,2.046,0.264,1.2,0.0,0.3,0.3,0.008,0.048,50198,160426,51.0,0.633,9.000,866.0,83.9,832.0,643.0,800.0,2.0,1.0,0.0,0.0,295,1629,16.0,26480,0.0,8.822,68.530,100.0,0.000,0.0,571.7,0.0,0.0,0.0,0.0,0.6,1.0,0,0,
25.6.2025,23:56:53.049,2363.1,1580.5,1580.5,4741.4,4741.4,3104.4,1576.5,1576.5,1576.5,1576.5,1576.5,5.2,8.5,4.7,7.0,3.2,18.8,4.9,19.5,7.0,7.8,0.9,5.9,2.3,2.9,1.4,3.5,1.1,2.6,1.1,0.9,0.4,19.5,5.2,8.9,10.1,11.5,17.5,71.1,55.6,54.3,53.4,9.119,0.359,0.422,0.328,1.150,1.110,0.174,0.120,0.078,0.106,0.081,0.023,2.055,0.271,1.2,0.0,0.0,0.0,0.000,0.000,50198,160426,51.1,0.661,9.000,856.0,89.5,822.0,634.0,800.0,2.0,1.1,0.0,0.0,295,1629,16.0,26480,0.0,8.822,68.530,100.0,0.000,0.0,571.7,0.0,0.0,0.0,0.0,0.2,0.3,0,0,
25.6.2025,23:56:55.047,2995.2,4741.4,4741.4,4741.4,4741.4,3104.4,1576.5,1576.5,1576.5,1576.5,1576.5,5.1,7.9,4.2,9.2,2.8,17.7,4.9,15.3,6.7,7.4,1.4,5.3,3.0,2.6,1.8,3.8,1.9,3.8,1.6,0.3,0.9,17.7,5.1,8.4,9.8,10.7,18.4,71.0,55.4,54.1,53.5,8.797,0.335,0.430,0.359,0.943,0.986,0.252,0.110,0.049,0.108,0.086,0.026,1.879,0.241,1.2,0.0,0.3,0.3,0.000,0.014,50198,160426,51.2,0.636,9.000,877.0,84.4,809.0,632.0,800.0,2.0,1.0,0.0,0.0,295,1629,16.0,26480,0.0,8.822,68.530,100.0,0.000,0.0,571.7,0.0,0.0,0.0,0.0,0.0,0.0,0,0,
25.6.2025,23:56:57.046,1902.0,4741.4,1580.5,1580.5,1580.5,1592.1,1592.1,1592.1,1592.1,1592.1,1576.5,6.2,9.6,5.1,7.0,3.8,19.9,6.3,20.3,8.3,8.1,1.6,7.2,3.3,3.1,2.4,4.5,5.7,2.7,2.7,1.6,0.9,20.3,6.2,10.2,10.1,12.5,19.1,68.5,56.1,54.7,53.6,9.685,0.418,0.562,0.352,1.225,1.253,0.180,0.176,0.066,0.244,0.096,0.028,2.281,0.302,1.3,0.0,0.0,0.0,0.000,0.000,50198,160426,51.2,0.612,9.000,866.0,80.8,812.0,638.0,800.0,2.0,1.1,0.0,0.0,295,1629,16.0,26480,0.0,8.822,68.530,100.0,0.000,0.0,571.7,0.0,0.0,0.0,0.0,0.4,0.2,0,0,
25.6.2025,23:56:59.050,2873.5,1996.4,4741.4,4741.4,4741.4,3104.4,3104.4,1576.5,1576.5,1576.5,1576.5,10.4,15.9,7.0,14.4,6.3,25.4,7.8,24.7,10.5,10.8,14.3,13.3,9.0,9.8,5.1,6.9,4.5,7.9,4.9,5.9,4.4,25.4,10.4,18.2,9.4,17.8,20.3,61.9,59.5,57.1,55.0,12.900,0.705,0.943,0.792,1.494,1.626,0.633,0.441,0.329,0.269,0.291,0.233,3.601,0.791,2.0,0.3,0.5,0.9,0.028,0.096,50198,160426,51.2,0.661,16.000,1075.0,90.9,869.0,731.0,800.0,5.0,1.3,0.0,0.0,307,1784,16.0,26491,0.0,8.822,68.530,100.0,0.000,0.0,571.7,0.0,0.0,0.0,0.0,1.2,1.3,0,0,
25.6.2025,23:57:1.041,2363.1,1580.5,1580.5,4741.4,4741.4,1576.5,1576.5,3104.4,1576.5,1576.5,1576.5,10.4,7.3,9.5,5.3,9.0,14.2,12.0,11.8,14.1,15.8,14.2,12.1,7.2,10.7,16.5,5.8,12.0,11.1,6.2,6.4,7.2,16.5,10.4,16.9,4.8,17.0,23.9,59.1,60.6,55.9,55.0,13.026,0.670,0.628,0.521,1.153,1.175,0.830,0.608,0.717,0.410,0.384,0.275,3.709,0.857,2.0,0.2,0.4,0.6,0.081,0.277,50199,160427,51.5,0.639,11.000,896.0,146.7,852.0,657.0,800.0,2.0,1.3,0.0,0.0,305,1764,16.0,26489,0.0,8.822,68.530,100.0,0.000,0.0,571.7,0.0,0.0,0.0,0.0,0.6,1.0,0,0,
25.6.2025,23:57:3.046,2831.9,4741.4,1580.5,4741.4,4741.4,3104.4,3104.4,1576.5,1576.5,1576.5,1576.5,6.9,4.3,8.1,2.8,8.0,10.7,11.3,8.9,15.3,9.2,3.7,8.1,7.2,8.7,5.4,4.2,7.2,1.6,1.6,8.8,3.4,15.3,6.9,11.7,9.4,12.9,17.6,69.6,58.6,55.2,54.5,10.325,0.454,0.435,0.366,1.038,1.122,0.249,0.333,0.306,0.311,0.061,0.320,2.682,0.913,1.4,0.0,0.7,0.7,0.000,1.248,50199,160429,52.0,0.691,9.000,857.0,102.8,804.0,630.0,800.0,2.0,0.9,0.0,0.0,302,1760,16.0,26487,0.0,8.822,68.530,100.0,0.000,0.0,571.7,0.0,0.0,0.0,0.0,0.2,0.1,0,0,
25.6.2025,23:57:5.048,2679.2,1580.5,4741.4,4741.4,4741.4,3104.4,1576.5,1576.5,1576.5,1576.5,1576.5,5.0,3.3,7.2,2.1,8.8,9.6,12.5,7.8,14.0,7.5,3.1,5.5,2.4,3.4,1.5,1.8,1.4,3.6,2.1,2.0,1.5,14.0,5.0,8.1,17.8,10.5,14.6,75.0,56.8,54.5,54.0,8.341,0.308,0.345,0.347,0.984,0.876,0.158,0.086,0.095,0.049,0.079,0.058,1.905,0.252,1.1,0.3,2.0,2.3,0.165,5.203,50199,160439,51.9,0.617,7.000,815.0,89.2,771.0,622.0,800.0,1.0,0.8,0.0,0.0,298,1712,16.0,26483,0.0,8.822,68.530,100.0,0.000,0.0,571.7,0.0,0.0,0.0,0.0,0.1,0.0,0,0,
25.6.2025,23:57:7.039,2710.2,1996.4,1580.5,4741.4,4741.4,3104.4,3104.4,1576.5,3104.4,1576.5,1576.5,5.7,4.1,7.7,1.8,8.1,10.9,12.8,8.4,16.5,8.2,2.3,6.1,3.1,4.6,2.9,2.3,1.9,5.3,3.2,2.6,2.2,16.5,5.7,8.5,14.7,10.6,14.9,74.6,56.1,54.6,53.9,8.635,0.328,0.362,0.294,1.002,1.018,0.133,0.086,0.090,0.077,0.141,0.074,1.941,0.275,1.2,0.2,0.3,0.5,0.097,0.261,50199,160440,51.7,0.592,8.000,874.0,82.5,796.0,625.0,800.0,2.0,0.9,0.0,0.0,298,1712,16.0,26483,0.0,8.822,68.530,100.0,0.000,0.0,571.7,0.0,0.0,0.0,0.0,0.0,0.0,0,0,
25.6.2025,23:57:9.037,2531.1,1580.5,4741.4,4741.4,4741.4,1592.1,1592.1,1592.1,1576.5,1576.5,1576.5,5.8,5.4,9.0,3.3,8.6,11.1,13.9,9.3,18.9,7.2,1.7,5.4,2.3,2.6,2.1,4.1,2.6,3.2,1.7,2.6,1.7,18.9,5.8,9.5,12.3,11.7,17.5,70.9,56.6,55.3,54.2,9.410,0.385,0.505,0.358,1.126,1.234,0.169,0.092,0.058,0.129,0.090,0.087,2.151,0.307,1.3,0.0,0.4,0.5,0.016,0.114,50199,160440,51.7,0.652,9.000,856.0,89.2,818.0,636.0,800.0,2.0,1.0,0.0,0.0,298,1712,16.0,26483,0.0,8.822,68.530,100.0,0.000,0.0,571.7,0.0,0.0,0.0,0.0,0.8,2.2,0,0,
25.6.2025,23:57:11.047,2026.8,1996.4,1996.4,1996.4,4741.4,1592.1,1592.1,1592.1,1592.1,1592.1,1576.5,5.1,5.8,5.1,1.9,7.6,8.5,9.7,5.1,10.6,8.2,2.7,7.3,3.7,3.9,3.7,3.1,2.9,2.7,3.9,2.4,2.4,10.6,5.1,8.0,20.4,9.4,9.8,80.9,56.0,53.4,53.3,7.477,0.256,0.291,0.304,0.701,0.566,0.163,0.136,0.121,0.079,0.100,0.096,1.624,0.277,1.1,0.3,0.5,0.7,0.174,0.388,50199,160441,51.7,0.627,8.000,838.0,97.3,778.0,622.0,800.0,2.0,0.7,0.0,0.0,302,1732,16.0,26487,0.0,8.822,68.530,100.0,0.000,0.0,571.7,0.0,0.0,0.0,0.0,1.4,1.6,0,0,
25.6.2025,23:57:13.040,2679.2,1580.5,4741.4,4741.4,4741.4,3104.4,1576.5,1576.5,1576.5,1576.5,1576.5,6.5,7.1,8.4,3.6,11.4,10.3,15.2,9.9,15.5,7.9,2.3,6.9,2.5,4.7,3.7,2.5,3.3,3.6,2.4,5.3,4.0,15.5,6.5,10.5,14.9,12.2,15.1,72.7,56.2,54.7,53.9,9.258,0.391,0.512,0.466,1.113,1.013,0.157,0.120,0.150,0.116,0.105,0.160,2.380,0.334,1.4,0.1,0.6,0.6,0.079,0.116,50200,160441,51.5,0.373,9.000,847.0,64.7,808.0,638.0,800.0,2.0,0.9,0.0,0.0,301,1728,16.0,26485,0.0,8.822,68.530,100.0,0.000,0.0,571.7,0.0,0.0,0.0,0.0,0.8,1.1,0,0,
25.6.2025,23:57:15.041,2679.2,1580.5,4741.4,4741.4,4741.4,3104.4,1576.5,1576.5,1576.5,1576.5,1576.5,7.0,4.8,7.7,4.2,8.8,10.6,14.7,9.7,17.1,9.8,4.8,7.4,4.6,4.2,2.7,4.8,4.0,4.6,4.5,6.3,5.6,17.1,7.0,11.7,8.9,12.5,20.2,67.4,56.6,55.1,54.1,9.999,0.447,0.506,0.453,1.204,1.129,0.289,0.176,0.120,0.180,0.157,0.260,2.367,0.333,1.4,0.3,0.3,0.6,0.057,0.225,50200,160441,51.5,0.613,10.000,923.0,83.8,825.0,639.0,800.0,3.0,1.2,0.0,0.0,300,1648,16.0,26485,0.0,8.822,68.530,100.0,0.000,0.0,571.7,0.0,0.0,0.0,0.0,0.2,0.3,0,0,
25.6.2025,23:57:17.042,2363.1,1580.5,1580.5,4741.4,4741.4,3104.4,1576.5,1576.5,1576.5,1576.5,1576.5,5.5,4.6,8.7,2.4,8.0,10.4,14.0,7.7,16.7,7.5,2.5,6.0,2.1,3.3,2.1,3.9,2.8,2.2,1.7,2.4,1.7,16.7,5.5,8.8,13.9,11.1,17.1,71.9,56.0,54.7,53.9,9.016,0.358,0.441,0.317,1.123,1.080,0.199,0.102,0.067,0.132,0.051,0.069,1.992,0.260,1.2,0.0,0.3,0.3,0.008,0.050,50200,160442,51.7,0.628,8.000,874.0,106.2,806.0,629.0,800.0,2.0,1.0,0.0,0.0,300,1640,16.0,26485,0.0,8.822,68.530,100.0,0.000,0.0,571.7,0.0,0.0,0.0,0.0,0.1,0.3,0,0,
25.6.2025,23:57:19.039,3443.1,1580.5,4741.4,4741.4,4741.4,3104.4,3104.4,3104.4,3104.4,3104.4,3104.4,5.7,4.5,7.5,2.3,8.0,12.1,13.0,10.0,18.3,7.7,2.6,7.6,2.4,2.6,1.8,2.4,1.9,2.2,1.7,2.7,1.9,18.3,5.7,9.0,11.4,11.3,17.0,71.8,56.1,54.7,53.8,9.067,0.363,0.416,0.286,1.159,1.173,0.203,0.134,0.050,0.064,0.059,0.089,2.049,0.270,1.2,0.0,0.2,0.2,0.000,0.018,50200,160442,51.7,0.658,9.000,863.0,96.1,824.0,639.0,800.0,2.0,1.0,0.0,0.0,300,1640,16.0,26485,0.0,8.822,68.530,100.0,0.000,0.0,571.7,0.0,0.0,0.0,0.0,4.1,5.0,0,0,
25.6.2025,23:57:21.051,2873.5,1996.4,4741.4,4741.4,4741.4,3104.4,3104.4,1576.5,1576.5,1576.5,1576.5,5.3,7.4,4.4,7.5,4.2,18.5,6.7,14.1,7.8,8.5,1.3,6.8,2.1,2.4,1.4,3.0,1.6,1.9,1.4,3.3,2.2,18.5,5.3,8.9,10.3,11.1,18.2,70.7,55.9,54.6,54.0,9.090,0.357,0.433,0.391,1.202,0.876,0.221,0.143,0.049,0.094,0.043,0.121,1.983,0.261,1.2,0.0,0.3,0.3,0.000,0.008,50200,160442,51.6,0.631,9.000,863.0,87.6,816.0,634.0,800.0,2.0,1.1,0.0,0.0,300,1640,16.0,26485,0.0,8.822,68.530,100.0,0.000,0.0,571.7,0.0,0.0,0.0,0.0,1.0,1.4,0,0,
25.6.2025,23:57:23.046,2515.8,1580.5,1580.5,4741.4,4741.4,3104.4,3104.4,1576.5,1576.5,1576.5,1576.5,7.1,12.3,5.9,9.9,4.2,22.3,7.9,18.4,9.8,8.5,2.7,7.6,4.5,3.8,3.0,3.9,2.3,4.8,3.4,4.1,2.4,22.3,7.1,11.9,9.9,13.6,18.9,67.6,57.0,55.9,54.5,10.422,0.482,0.720,0.511,1.427,1.188,0.240,0.207,0.103,0.139,0.155,0.127,2.636,0.370,1.5,0.0,0.1,0.1,0.000,0.010,50200,160442,51.6,0.618,11.000,885.0,85.1,830.0,647.0,800.0,2.0,1.3,0.0,0.0,302,1662,16.0,26487,0.0,8.822,68.530,100.0,0.000,0.0,571.7,0.0,0.0,0.0,0.0,1.3,1.5,0,0,
25.6.2025,23:57:25.051,2831.9,1580.5,4741.4,4741.4,4741.4,3104.4,1576.5,1576.5,1576.5,3104.4,1576.5,5.4,6.7,4.0,7.5,4.4,16.6,7.3,13.5,7.3,10.2,1.9,6.2,2.8,2.7,1.7,4.1,1.7,3.2,2.2,2.8,2.1,16.6,5.4,7.7,17.9,10.1,13.5,76.6,55.8,53.9,53.6,7.993,0.283,0.304,0.311,1.006,0.740,0.166,0.085,0.034,0.069,0.059,0.056,1.699,0.230,1.1,0.0,0.7,0.7,0.000,0.016,50200,160442,51.6,0.675,7.000,837.0,104.2,753.0,617.0,800.0,1.0,0.8,0.0,0.0,300,1658,16.0,26485,0.0,8.822,68.530,100.0,0.000,0.0,571.7,0.0,0.0,0.0,0.0,4.5,4.2,0,0,
25.6.2025,23:57:27.046,2527.9,1580.5,4741.4,4741.4,4741.4,1592.1,1576.5,1576.5,1576.5,1576.5,1576.5,5.3,7.1,5.3,7.5,3.5,17.3,8.3,12.3,10.1,7.2,0.7,6.4,3.3,3.1,1.5,1.9,0.9,2.7,2.0,2.8,1.3,17.3,5.3,8.5,15.8,10.8,14.6,74.6,55.5,54.4,53.7,8.618,0.326,0.378,0.310,1.182,0.856,0.104,0.133,0.053,0.072,0.079,0.096,1.983,0.261,1.2,0.0,0.3,0.3,0.000,0.020,50200,160442,51.5,0.603,8.000,890.0,80.8,792.0,626.0,800.0,2.0,0.9,0.0,0.0,300,1648,16.0,26485,0.0,8.822,68.530,100.0,0.000,0.0,571.7,0.0,0.0,0.0,0.0,0.1,0.0,0,0,
25.6.2025,23:57:29.050,2531.1,1580.5,4741.4,4741.4,4741.4,1592.1,1592.1,1592.1,1576.5,1576.5,1576.5,5.4,6.3,5.0,7.7,3.0,20.8,6.9,12.4,9.7,6.7,1.7,5.7,2.2,2.7,1.0,2.6,1.9,1.5,1.1,4.8,4.7,20.8,5.4,9.5,12.0,11.4,17.2,71.5,56.2,55.0,54.0,9.348,0.384,0.427,0.376,1.368,0.998,0.158,0.105,0.067,0.077,0.053,0.211,2.283,0.301,1.3,0.1,0.2,0.3,0.032,0.083,50200,160442,51.5,0.624,9.000,868.0,91.9,816.0,639.0,800.0,2.0,1.0,0.0,0.0,300,1640,16.0,26485,0.0,8.822,68.530,100.0,0.000,0.0,571.7,0.0,0.0,0.0,0.0,0.1,0.0,0,0,
25.6.2025,23:57:31.045,3453.6,4741.4,4741.4,4741.4,4741.4,1576.5,3104.4,1576.5,3104.4,3104.4,3104.4,6.4,8.9,5.5,7.4,4.9,18.7,8.3,13.8,9.6,8.7,2.2,7.4,5.9,3.6,2.4,3.7,3.2,3.0,2.4,3.2,4.4,18.7,6.4,9.4,12.3,11.3,17.3,71.4,56.5,54.9,54.1,9.190,0.376,0.458,0.361,1.242,0.951,0.174,0.203,0.056,0.126,0.059,0.131,2.139,0.306,1.2,0.0,0.0,0.0,0.000,0.000,50200,160442,51.5,0.667,9.000,868.0,94.1,802.0,647.0,800.0,2.0,1.0,0.0,0.0,302,1662,16.0,26487,0.0,8.822,68.530,100.0,0.000,0.0,571.7,0.0,0.0,0.0,0.0,1.0,1.5,0,0,
25.6.2025,23:57:33.040,3148.0,4741.4,4741.4,4741.4,4741.4,3104.4,1576.5,3104.4,1576.5,1576.5,1576.5,4.8,5.6,4.4,7.0,4.1,15.7,8.0,11.7,9.8,8.3,0.6,5.3,3.4,2.4,0.6,2.2,0.8,1.7,1.8,1.7,1.6,15.7,4.8,7.9,16.0,10.3,14.7,75.0,55.8,54.2,53.8,8.225,0.294,0.326,0.336,1.001,0.765,0.173,0.128,0.037,0.074,0.043,0.055,1.869,0.289,1.1,0.8,2.7,3.5,0.316,1.216,50200,160444,51.5,0.610,7.000,861.0,91.4,781.0,621.0,800.0,2.0,1.0,0.0,0.0,301,1662,16.0,26486,0.0,8.822,68.530,100.0,0.000,0.0,571.7,0.0,0.0,0.0,0.0,0.8,1.1,0,0,
25.6.2025,23:57:35.039,1778.7,1996.4,1580.5,1580.5,1580.5,1592.1,1592.1,1592.1,1592.1,3104.4,1576.5,5.1,6.3,6.4,6.5,3.7,16.1,7.1,11.5,9.3,6.9,2.5,7.0,2.3,2.3,1.7,2.3,1.7,3.2,2.1,2.1,0.2,16.1,5.1,8.3,17.1,10.5,15.2,74.4,55.9,54.6,53.8,8.681,0.325,0.473,0.316,1.062,0.877,0.149,0.112,0.048,0.052,0.094,0.062,2.021,0.339,1.1,0.0,1.1,1.1,0.000,0.030,50200,160444,51.6,0.597,8.000,829.0,88.0,792.0,625.0,800.0,1.0,0.9,0.0,0.0,298,1648,16.0,26483,0.0,8.822,68.530,100.0,0.000,0.0,571.7,0.0,0.0,0.0,0.0,2.4,1.9,0,0,
25.6.2025,23:57:37.046,1582.8,1580.5,1580.5,1580.5,1580.5,1592.1,1592.1,1592.1,1576.5,1576.5,1576.5,6.5,8.3,5.5,8.2,4.4,21.4,8.3,11.9,12.6,8.7,1.6,6.9,2.6,5.5,1.6,4.5,1.6,3.1,3.4,4.3,5.2,21.4,6.5,10.6,14.7,12.2,16.1,71.8,56.4,55.3,54.2,9.673,0.417,0.560,0.370,1.354,0.995,0.174,0.137,0.132,0.139,0.122,0.185,2.498,0.413,1.4,0.2,0.1,0.4,0.048,0.089,50201,160444,51.5,0.605,9.000,885.0,85.3,813.0,633.0,800.0,2.0,1.0,0.0,0.0,300,1628,16.0,26485,0.0,8.822,68.530,100.0,0.000,0.0,571.7,0.0,0.0,0.0,0.0,0.7,0.4,0,0,
25.6.2025,23:57:39.048,2720.7,1996.4,4741.4,4741.4,4741.4,3104.4,1576.5,1576.5,1576.5,1576.5,1576.5,5.5,4.6,7.0,3.9,7.3,10.0,15.9,9.6,14.0,8.8,1.3,6.8,2.6,2.7,1.7,2.9,2.6,1.7,2.5,2.6,2.0,15.9,5.5,8.2,17.0,10.7,14.2,75.2,56.0,54.6,53.8,8.582,0.314,0.310,0.320,1.189,0.860,0.132,0.101,0.037,0.088,0.046,0.059,2.035,0.319,1.2,0.2,1.2,1.5,0.046,0.020,50201,160444,51.6,0.617,8.000,866.0,94.6,806.0,634.0,800.0,2.0,0.9,0.0,0.0,300,1628,16.0,26485,0.0,8.822,68.530,100.0,0.000,0.0,571.7,0.0,0.0,0.0,0.0,0.2,0.1,0,0,
25.6.2025,23:57:41.048,3290.3,1580.5,4741.4,4741.4,4741.4,3104.4,3104.4,1576.5,3104.4,3104.4,3104.4,5.7,4.2,8.8,2.9,8.2,8.4,18.5,7.6,16.6,7.2,4.3,6.2,3.4,1.9,2.7,2.2,0.8,2.6,1.8,2.6,2.0,18.5,5.7,9.2,15.8,11.4,17.1,71.6,56.0,54.8,53.9,9.213,0.368,0.441,0.335,1.183,1.026,0.228,0.153,0.090,0.077,0.060,0.086,2.321,0.407,1.2,0.1,0.3,0.4,0.024,0.088,50201,160445,51.6,0.640,8.000,844.0,90.2,803.0,628.0,800.0,2.0,1.1,0.0,0.0,300,1628,16.0,26485,0.0,8.822,68.530,100.0,0.000,0.0,571.7,0.0,0.0,0.0,0.0,0.7,1.1,0,0,
25.6.2025,23:57:43.039,2873.5,1996.4,4741.4,4741.4,4741.4,3104.4,1576.5,1576.5,3104.4,1576.5,1576.5,6.1,5.1,8.8,3.0,9.8,9.9,18.1,8.0,14.3,8.3,2.7,7.8,3.5,4.7,1.3,3.5,2.6,2.3,1.9,3.2,2.2,18.1,6.1,10.0,11.0,12.0,18.6,69.5,56.4,55.3,54.3,9.860,0.413,0.554,0.442,1.287,0.984,0.230,0.156,0.095,0.150,0.094,0.141,2.487,0.446,1.3,0.1,0.4,0.5,0.065,0.213,50201,160445,51.6,0.612,9.000,888.0,85.9,820.0,639.0,800.0,2.0,1.2,0.0,0.0,300,1628,16.0,26485,0.0,8.822,68.530,100.0,0.000,0.0,571.7,0.0,0.0,0.0,0.0,0.0,0.0,0,0,
25.6.2025,23:57:45.039,2679.2,1580.5,4741.4,4741.4,4741.4,3104.4,1576.5,1576.5,1576.5,1576.5,1576.5,5.4,3.7,8.8,2.4,8.1,8.1,15.7,7.6,16.0,8.0,2.4,5.3,2.6,4.2,1.6,1.8,2.1,1.8,4.1,3.0,1.5,16.0,5.4,8.5,15.9,10.8,15.8,73.6,56.0,54.6,53.9,8.750,0.330,0.411,0.339,1.097,0.908,0.140,0.088,0.097,0.062,0.086,0.068,2.118,0.345,1.2,0.2,1.2,1.3,0.057,0.186,50201,160445,51.7,0.627,8.000,854.0,94.9,798.0,628.0,800.0,2.0,0.9,0.0,0.0,300,1628,16.0,26485,0.0,8.822,68.530,100.0,0.000,0.0,571.7,0.0,0.0,0.0,0.0,0.5,1.0,0,0,
25.6.2025,23:57:47.053,2404.6,1996.4,1580.5,4741.4,4741.4,3104.4,1576.5,1576.5,1576.5,1576.5,1576.5,5.1,4.4,6.8,2.4,7.8,7.4,17.3,6.9,15.3,7.1,2.4,5.8,2.1,3.5,3.5,1.6,1.3,1.4,1.5,2.0,1.3,17.3,5.1,8.6,15.8,11.0,14.6,74.5,55.9,54.6,53.9,8.697,0.325,0.361,0.319,1.158,0.874,0.124,0.103,0.136,0.062,0.043,0.071,1.997,0.304,1.2,0.1,0.6,0.7,0.024,0.095,50201,160446,51.6,0.643,8.000,845.0,89.8,785.0,626.0,800.0,2.0,0.9,0.0,0.0,300,1628,16.0,26485,0.0,8.822,68.530,100.0,0.000,0.0,571.7,0.0,0.0,0.0,0.0,0.4,0.1,0,0,
25.6.2025,23:57:49.051,2720.7,1996.4,4741.4,4741.4,4741.4,3104.4,1576.5,1576.5,1576.5,1576.5,1576.5,6.7,6.4,7.7,5.3,10.8,10.5,19.1,9.2,18.3,9.0,3.0,6.1,4.3,3.4,2.0,2.7,2.7,3.0,4.1,3.0,4.2,19.1,6.7,11.0,12.5,12.5,18.3,69.3,56.9,55.5,54.4,9.897,0.436,0.505,0.509,1.339,1.070,0.292,0.141,0.111,0.126,0.138,0.135,2.451,0.408,1.4,0.0,4.4,4.4,0.008,0.110,50201,160446,51.6,0.623,11.000,909.0,86.7,826.0,646.0,800.0,2.0,1.1,0.0,0.0,304,1656,16.0,26489,0.0,8.822,68.530,100.0,0.000,0.0,571.7,0.0,0.0,0.0,0.0,0.9,1.1,0,0,
25.6.2025,23:57:51.044,2720.7,1996.4,4741.4,4741.4,4741.4,3104.4,1576.5,1576.5,1576.5,1576.5,1576.5,5.7,4.5,7.8,2.9,9.4,7.7,18.3,7.4,15.4,7.4,3.9,4.8,2.4,2.0,1.8,4.1,4.0,3.4,3.0,2.2,2.3,18.3,5.7,9.1,14.7,11.3,15.8,73.0,56.5,55.2,54.3,9.233,0.360,0.442,0.399,1.169,0.981,0.167,0.099,0.030,0.120,0.099,0.095,2.302,0.422,1.2,0.1,0.5,0.6,0.040,0.133,50201,160446,51.7,0.619,9.000,824.0,103.0,809.0,630.0,800.0,2.0,1.1,0.0,0.0,302,1672,16.0,26487,0.0,8.822,68.530,100.0,0.000,0.0,571.7,0.0,0.0,0.0,0.0,1.6,2.9,0,0,
25.6.2025,23:57:53.037,2241.3,1996.4,4741.4,1580.5,1580.5,1576.5,1576.5,1576.5,3104.4,3104.4,1576.5,4.9,4.1,10.0,2.6,8.2,8.2,11.8,5.7,12.1,7.7,4.2,1.3,0.5,2.2,1.2,4.3,4.7,3.5,2.6,1.1,1.2,12.1,4.9,7.7,15.6,9.3,14.0,76.8,56.0,53.8,53.6,8.161,0.289,0.430,0.312,0.852,0.721,0.264,0.024,0.031,0.131,0.096,0.033,1.751,0.276,1.0,0.0,0.1,0.1,0.000,0.006,50201,160446,51.7,0.597,9.000,862.0,89.5,831.0,634.0,800.0,2.0,0.8,0.0,0.0,301,1656,16.0,26486,0.0,8.822,68.530,100.0,0.000,0.0,571.7,0.0,0.0,0.0,0.0,0.3,0.3,0,0,
25.6.2025,23:57:55.043,3148.0,4741.4,4741.4,4741.4,4741.4,3104.4,1576.5,1576.5,1576.5,3104.4,1576.5,5.5,3.9,8.1,2.7,9.1,6.6,21.0,5.9,18.2,8.5,6.2,1.0,0.4,1.4,0.8,3.4,4.3,3.9,2.6,0.8,0.6,21.0,5.5,9.2,12.4,11.2,17.6,71.3,56.2,55.1,54.1,9.228,0.378,0.450,0.387,1.308,0.990,0.282,0.027,0.030,0.130,0.145,0.033,2.190,0.403,1.2,0.3,0.7,1.0,0.008,0.073,50201,160446,51.6,0.373,9.000,868.0,63.3,820.0,634.0,800.0,2.0,1.1,0.0,0.0,300,1644,16.0,26485,0.0,8.822,68.530,100.0,0.000,0.0,571.7,0.0,0.0,0.0,0.0,0.7,1.1,0,0,
25.6.2025,23:57:57.043,2872.1,1580.5,4741.4,4741.4,4741.4,3289.1,1584.6,3289.1,1584.6,1584.6,1584.6,11.0,4.5,8.5,3.2,7.8,11.1,19.7,6.8,15.5,29.3,27.5,2.6,1.6,2.0,1.5,11.8,20.6,17.5,25.2,1.6,2.4,29.3,11.0,18.5,5.7,15.6,18.5,65.9,62.6,56.3,54.9,13.710,0.723,0.455,0.330,1.598,0.954,1.552,0.080,0.055,0.887,1.258,0.056,3.851,1.026,1.9,0.0,0.2,0.2,0.000,0.008,50201,160446,51.6,0.661,14.000,840.0,91.9,910.0,675.0,800.0,2.0,0.9,0.0,0.0,300,1634,16.0,26485,0.0,8.822,68.530,100.0,0.000,0.0,571.7,0.0,0.0,0.0,0.0,0.1,0.1,0,0,
25.6.2025,23:57:59.041,2679.2,4741.4,1580.5,4741.4,4741.4,3104.4,1576.5,1576.5,1576.5,1576.5,1576.5,7.0,6.7,6.0,7.5,4.3,14.9,12.1,13.6,11.2,11.8,9.4,1.2,0.7,1.4,0.9,11.6,7.1,10.8,7.8,0.7,0.9,14.9,7.0,12.2,8.2,12.7,19.1,68.3,60.0,55.9,54.8,10.669,0.488,0.517,0.397,1.241,1.133,0.541,0.053,0.040,0.468,0.466,0.029,2.907,1.041,1.4,0.2,0.5,0.7,0.057,1.202,50201,160449,51.9,0.607,10.000,874.0,94.8,836.0,644.0,800.0,2.0,1.1,0.0,0.0,300,1613,16.0,26485,0.0,8.822,68.530,100.0,0.000,0.0,571.7,0.0,0.0,0.0,0.0,0.0,0.0,0,0,
25.6.2025,23:58:1.049,2557.4,1996.4,1580.5,4741.4,4741.4,3104.4,1576.5,3104.4,1576.5,1576.5,1576.5,5.3,7.5,5.1,8.2,3.5,13.6,11.2,12.2,11.4,8.0,4.7,0.6,0.2,2.0,0.6,4.3,4.1,4.5,2.6,0.6,0.8,13.6,5.3,8.6,13.7,10.7,16.2,73.1,57.5,55.1,54.3,9.009,0.347,0.412,0.392,1.079,0.997,0.202,0.025,0.025,0.180,0.138,0.023,2.107,0.341,1.2,0.1,0.2,0.3,0.032,1.128,50201,160451,52.1,0.628,8.000,867.0,92.6,807.0,625.0,800.0,2.0,0.9,0.0,0.0,300,1613,16.0,26485,0.0,8.822,68.530,100.0,0.000,0.0,571.7,0.0,0.0,0.0,0.0,0.0,0.0,0,0,
25.6.2025,23:58:3.039,2863.0,1996.4,1580.5,4741.4,4741.4,3104.4,1576.5,1576.5,3104.4,3104.4,3104.4,10.8,6.5,10.8,8.7,7.0,15.3,13.7,15.0,14.1,13.9,14.7,10.9,7.7,5.4,7.2,11.8,10.8,13.9,13.8,7.0,7.8,15.3,10.8,17.8,5.0,16.2,29.2,54.7,59.4,56.9,55.4,13.046,0.755,0.868,0.633,1.474,1.442,0.817,0.411,0.279,0.548,0.766,0.311,2.986,0.439,1.9,1.0,7.0,8.0,1.899,14.586,50205,160479,52.0,0.663,11.000,751.0,98.6,811.0,626.0,800.0,2.0,0.9,0.0,0.0,301,1633,16.0,26487,0.0,8.822,68.530,100.0,0.000,0.0,571.7,0.0,0.0,0.0,0.0,5.7,4.4,0,0,
25.6.2025,23:58:5.040,2668.6,1580.5,1580.5,4741.4,4741.4,3104.4,1576.5,3104.4,1576.5,3104.4,1576.5,7.1,7.3,5.5,7.1,3.9,11.4,11.7,13.1,10.6,10.1,4.9,11.8,6.9,7.1,4.4,4.4,4.9,4.4,3.8,4.5,4.9,13.1,7.1,11.8,15.8,12.9,18.0,69.1,57.8,55.3,54.7,9.836,0.431,0.469,0.344,1.010,0.972,0.287,0.368,0.245,0.216,0.171,0.227,2.635,0.527,1.5,0.1,2.3,2.3,0.147,0.443,50205,160479,52.3,0.491,9.000,891.0,88.6,804.0,633.0,800.0,2.0,1.0,0.0,0.0,300,1633,16.0,26486,0.0,8.822,68.530,100.0,0.000,0.0,571.7,0.0,0.0,0.0,0.0,0.8,1.2,0,0,
25.6.2025,23:58:7.038,2679.2,4741.4,1580.5,4741.4,4741.4,3104.4,1576.5,1576.5,1576.5,1576.5,1576.5,7.6,7.3,6.7,7.5,4.2,14.6,11.1,14.3,12.2,10.4,4.9,10.8,6.2,7.2,4.4,6.2,4.5,3.9,4.4,6.5,4.5,14.6,7.6,12.5,8.7,13.7,20.9,65.4,58.2,56.0,55.0,10.723,0.499,0.527,0.379,1.267,1.141,0.364,0.342,0.267,0.254,0.193,0.253,2.760,0.516,1.5,0.5,1.1,1.6,0.547,1.291,50206,160482,52.4,0.629,12.000,877.0,97.0,858.0,656.0,800.0,2.0,1.0,0.0,0.0,300,1629,16.0,26485,0.0,8.822,68.530,100.0,0.000,0.0,571.7,0.0,0.0,0.0,0.0,4.4,3.1,0,0,
25.6.2025,23:58:9.052,2984.7,1580.5,4741.4,4741.4,4741.4,3104.4,3104.4,1576.5,1576.5,3104.4,1576.5,5.9,7.6,5.5,5.0,5.8,14.1,9.6,15.3,9.8,7.7,3.3,6.1,3.2,4.8,2.5,2.6,3.3,2.9,2.7,3.3,2.5,15.3,5.9,9.1,13.9,10.8,16.9,72.3,57.4,55.5,54.7,9.045,0.364,0.515,0.285,1.069,1.021,0.224,0.122,0.113,0.100,0.097,0.093,2.042,0.386,1.2,1.2,0.9,2.1,0.268,0.629,50207,160483,52.4,0.669,9.000,836.0,96.9,824.0,643.0,800.0,2.0,0.9,0.0,0.0,304,1637,16.0,26489,0.0,8.822,68.530,100.0,0.000,0.0,571.7,0.0,0.0,0.0,0.0,1.2,2.0,0,0,
25.6.2025,23:58:11.047,3443.1,1580.5,4741.4,4741.4,4741.4,3104.4,3104.4,3104.4,3104.4,3104.4,3104.4,10.9,12.7,7.4,5.4,9.5,21.9,14.7,13.9,15.2,18.1,11.6,14.6,13.7,6.7,7.0,7.8,6.5,6.9,8.1,8.1,9.2,21.9,10.9,19.3,11.4,16.7,20.4,62.9,60.5,58.1,55.8,13.105,0.719,0.899,0.485,1.784,1.230,0.723,0.694,0.304,0.304,0.359,0.407,3.541,0.861,1.9,0.3,0.5,0.7,0.311,0.730,50207,160485,52.3,0.513,13.000,1065.0,81.2,834.0,693.0,800.0,5.0,1.2,0.0,0.0,307,1756,16.0,26492,0.0,8.822,68.530,100.0,0.000,0.0,571.7,0.0,0.0,0.0,0.0,5.0,4.9,0,0,
25.6.2025,23:58:13.050,3606.4,4741.4,4741.4,4741.4,4741.4,3104.4,3104.4,3104.4,1576.5,3104.4,3104.4,8.5,4.0,11.2,3.1,6.9,7.5,39.2,4.3,24.8,7.8,9.7,7.7,5.4,4.0,5.6,4.7,7.8,6.1,4.9,3.0,2.3,39.2,8.5,17.6,9.7,17.4,21.4,61.3,63.6,60.1,56.5,13.324,0.781,1.107,0.493,2.493,1.919,0.508,0.344,0.251,0.322,0.271,0.106,2.748,0.588,1.9,0.3,1.0,1.3,0.399,0.955,50208,160486,52.6,0.651,13.000,707.0,187.4,824.0,619.0,800.0,1.0,1.2,0.0,0.0,308,1780,16.0,26492,0.0,8.822,68.530,100.0,0.000,0.0,571.7,0.0,0.0,0.0,0.0,2.1,5.0,0,0,
25.6.2025,23:58:15.050,2047.0,1580.5,1580.5,4741.4,1580.5,1576.5,3104.4,1576.5,1576.5,1576.5,1576.5,6.4,3.0,6.7,1.4,5.9,7.6,19.2,5.1,16.7,9.4,2.6,12.1,10.0,3.3,4.1,3.5,3.2,3.6,5.9,2.4,3.0,19.2,6.4,11.2,3.5,12.5,25.0,62.5,59.5,56.3,55.5,10.358,0.473,0.492,0.226,1.359,1.160,0.369,0.549,0.164,0.114,0.195,0.101,1.992,0.265,1.4,0.7,0.4,1.1,0.279,0.737,50209,160488,52.9,0.358,9.000,944.0,108.3,816.0,646.0,800.0,4.0,0.8,0.0,0.0,297,1784,16.0,26482,0.0,8.822,68.530,100.0,0.000,0.0,571.7,0.0,0.0,0.0,0.0,39.1,7.3,0,0,
Date,Time,"Core Clocks (avg) [MHz]","Zen5 Core 0 Clock (perf #2) [MHz]","Zen5 Core 1 Clock (perf #3) [MHz]","Zen5 Core 2 Clock (perf #1) [MHz]","Zen5 Core 3 Clock (perf #1) [MHz]","Zen5c Core 4 Clock (perf #4) [MHz]","Zen5c Core 5 Clock (perf #4) [MHz]","Zen5c Core 6 Clock (perf #4) [MHz]","Zen5c Core 7 Clock (perf #4) [MHz]","Zen5c Core 8 Clock (perf #4) [MHz]","Zen5c Core 9 Clock (perf #4) [MHz]","Core Usage (avg) [%]","Zen5 Core 0 T0 Usage [%]","Zen5 Core 0 T1 Usage [%]","Zen5 Core 1 T0 Usage [%]","Zen5 Core 1 T1 Usage [%]","Zen5 Core 2 T0 Usage [%]","Zen5 Core 2 T1 Usage [%]","Zen5 Core 3 T0 Usage [%]","Zen5 Core 3 T1 Usage [%]","Zen5c Core 4 T0 Usage [%]","Zen5c Core 4 T1 Usage [%]","Zen5c Core 5 T0 Usage [%]","Zen5c Core 5 T1 Usage [%]","Zen5c Core 6 T0 Usage [%]","Zen5c Core 6 T1 Usage [%]","Zen5c Core 7 T0 Usage [%]","Zen5c Core 7 T1 Usage [%]","Zen5c Core 8 T0 Usage [%]","Zen5c Core 8 T1 Usage [%]","Zen5c Core 9 T0 Usage [%]","Zen5c Core 9 T1 Usage [%]","Max CPU/Thread Usage [%]","Total CPU Usage [%]","Core Utility (avg) [%]","Package C6 Residency [%]","Core C0 Residency (avg) [%]","Core C1 Residency (avg) [%]","Core C6 Residency (avg) [%]","CPU (Tctl/Tdie) [°C]","CPU Core [°C]","CPU SOC [°C]","CPU Package Power [W]","Core Powers (avg) [W]","Core 0 Power [W]","Core 1 Power [W]","Core 2 Power [W]","Core 3 Power [W]","Core 4 Power [W]","Core 5 Power [W]","Core 6 Power [W]","Core 7 Power [W]","Core 8 Power [W]","Core 9 Power [W]","DRAM Read Bandwidth [GB/s]","DRAM Write Bandwidth [GB/s]","Average Active Core Count []","Read Activity [%]","Write Activity [%]","Total Activity [%]","Read Rate [MB/s]","Write Rate [MB/s]","Read Total [MB]","Write Total [MB]","GPU Temperature [°C]","GPU Core Voltage [V]","GPU ASIC Power [W]","GPU Clock [MHz]","GPU Clock (Effective) [MHz]","GPU Memory Clock [MHz]","GPU SoC Clock [MHz]","GPU VCN Clock [MHz]","GPU Utilization [%]","GPU D3D Usage [%]","GPU D3D Utilizations (avg) [%]","GPU Computing (Compute 0) Usage [%]","GPU D3D Memory Dedicated [MB]","GPU D3D Memory Dynamic [MB]","PCIe Link Speed [GT/s]","GPU Memory Usage [MB]","Framerate [FPS]","Battery Voltage [V]","Remaining Capacity [Wh]","Charge Level [%]","Charge Rate [W]","Wear Level [%]","Estimated Remaining Time [mins]","Current DL rate [KB/s]","Current UP rate [KB/s]","Current DL rate [KB/s]","Current UP rate [KB/s]","Current DL rate [KB/s]","Current UP rate [KB/s]","Total DL [MB]","Total UP [MB]",
,,CPU [#0]: AMD Ryzen AI 9 365,CPU [#0]: AMD Ryzen AI 9 365,CPU [#0]: AMD Ryzen AI 9 365,CPU [#0]: AMD Ryzen AI 9 365,CPU [#0]: AMD Ryzen AI 9 365,CPU [#0]: AMD Ryzen AI 9 365,CPU [#0]: AMD Ryzen AI 9 365,CPU [#0]: AMD Ryzen AI 9 365,CPU [#0]: AMD Ryzen AI 9 365,CPU [#0]: AMD Ryzen AI 9 365,CPU [#0]: AMD Ryzen AI 9 365,CPU [#0]: AMD Ryzen AI 9 365,CPU [#0]: AMD Ryzen AI 9 365,CPU [#0]: AMD Ryzen AI 9 365,CPU [#0]: AMD Ryzen AI 9 365,CPU [#0]: AMD Ryzen AI 9 365,CPU [#0]: AMD Ryzen AI 9 365,CPU [#0]: AMD Ryzen AI 9 365,CPU [#0]: AMD Ryzen AI 9 365,CPU [#0]: AMD Ryzen AI 9 365,CPU [#0]: AMD Ryzen AI 9 365,CPU [#0]: AMD Ryzen AI 9 365,CPU [#0]: AMD Ryzen AI 9 365,CPU [#0]: AMD Ryzen AI 9 365,CPU [#0]: AMD Ryzen AI 9 365,CPU [#0]: AMD Ryzen AI 9 365,CPU [#0]: AMD Ryzen AI 9 365,CPU [#0]: AMD Ryzen AI 9 365,CPU [#0]: AMD Ryzen AI 9 365,CPU [#0]: AMD Ryzen AI 9 365,CPU [#0]: AMD Ryzen AI 9 365,CPU [#0]: AMD Ryzen AI 9 365,CPU [#0]: AMD Ryzen AI 9 365,CPU [#0]: AMD Ryzen AI 9 365,CPU [#0]: AMD Ryzen AI 9 365,CPU [#0]: AMD Ryzen AI 9 365: C-State Residency,CPU [#0]: AMD Ryzen AI 9 365: C-State Residency,CPU [#0]: AMD Ryzen AI 9 365: C-State Residency,CPU [#0]: AMD Ryzen AI 9 365: C-State Residency,CPU [#0]: AMD Ryzen AI 9 365: Enhanced,CPU [#0]: AMD Ryzen AI 9 365: Enhanced,CPU [#0]: AMD Ryzen AI 9 365: Enhanced,CPU [#0]: AMD Ryzen AI 9 365: Enhanced,CPU [#0]: AMD Ryzen AI 9 365: Enhanced,CPU [#0]: AMD Ryzen AI 9 365: Enhanced,CPU [#0]: AMD Ryzen AI 9 365: Enhanced,CPU [#0]: AMD Ryzen AI 9 365: Enhanced,CPU [#0]: AMD Ryzen AI 9 365: Enhanced,CPU [#0]: AMD Ryzen AI 9 365: Enhanced,CPU [#0]: AMD Ryzen AI 9 365: Enhanced,CPU [#0]: AMD Ryzen AI 9 365: Enhanced,CPU [#0]: AMD Ryzen AI 9 365: Enhanced,CPU [#0]: AMD Ryzen AI 9 365: Enhanced,CPU [#0]: AMD Ryzen AI 9 365: Enhanced,CPU [#0]: AMD Ryzen AI 9 365: Enhanced,CPU [#0]: AMD Ryzen AI 9 365: Enhanced,CPU [#0]: AMD Ryzen AI 9 365: Enhanced,Drive: MTFDKBA1T0QGN-1BN1AABHA (UTXHU01SCKDOD2) [C:],Drive: MTFDKBA1T0QGN-1BN1AABHA (UTXHU01SCKDOD2) [C:],Drive: MTFDKBA1T0QGN-1BN1AABHA (UTXHU01SCKDOD2) [C:],Drive: MTFDKBA1T0QGN-1BN1AABHA (UTXHU01SCKDOD2) [C:],Drive: MTFDKBA1T0QGN-1BN1AABHA (UTXHU01SCKDOD2) [C:],Drive: MTFDKBA1T0QGN-1BN1AABHA (UTXHU01SCKDOD2) [C:],Drive: MTFDKBA1T0QGN-1BN1AABHA (UTXHU01SCKDOD2) [C:],GPU [#0]: AMD Radeon 880M/890M,GPU [#0]: AMD Radeon 880M/890M,GPU [#0]: AMD Radeon 880M/890M,GPU [#0]: AMD Radeon 880M/890M,GPU [#0]: AMD Radeon 880M/890M,GPU [#0]: AMD Radeon 880M/890M,GPU [#0]: AMD Radeon 880M/890M,GPU [#0]: AMD Radeon 880M/890M,GPU [#0]: AMD Radeon 880M/890M,GPU [#0]: AMD Radeon 880M/890M,GPU [#0]: AMD Radeon 880M/890M,GPU [#0]: AMD Radeon 880M/890M,GPU [#0]: AMD Radeon 880M/890M,GPU [#0]: AMD Radeon 880M/890M,GPU [#0]: AMD Radeon 880M/890M,GPU [#0]: AMD Radeon 880M/890M,GPU [#0]: AMD Radeon 880M/890M,Battery: Hewlett-Packard Primary,Battery: Hewlett-Packard Primary,Battery: Hewlett-Packard Primary,Battery: Hewlett-Packard Primary,Battery: Hewlett-Packard Primary,Battery: Hewlett-Packard Primary,Network: MediaTek MT7925 Wi-Fi 7 Wireless LAN Card - Wi-Fi 3,Network: MediaTek MT7925 Wi-Fi 7 Wireless LAN Card - Wi-Fi 3,Network: MediaTek MT7925 Wi-Fi 7 Wireless LAN Card - Wi-Fi 5,Network: MediaTek MT7925 Wi-Fi 7 Wireless LAN Card - Wi-Fi 5,Network: MediaTek MT7925 Wi-Fi 7 Wireless LAN Card - Wi-Fi,Network: MediaTek MT7925 Wi-Fi 7 Wireless LAN Card - Wi-Fi,Network: MediaTek MT7925 Wi-Fi 7 Wireless LAN Card - Wi-Fi 3,Network: MediaTek MT7925 Wi-Fi 7 Wireless LAN Card - Wi-Fi 3,
